{
  "project_info": {
    "project_number": "427379710168",
    "firebase_url": "https://tayoapps-9bced.firebaseio.com",
    "project_id": "tayoapps-9bced",
    "storage_bucket": "tayoapps-9bced.appspot.com"
  },
  "client": [
    {
      "client_info": {
        "mobilesdk_app_id": "1:427379710168:android:e906bb1c6be9a80d",
        "android_client_info": {
          "package_name": "com.example.affereaflaw.tayo"
        }
      },
      "oauth_client": [
        {
          "client_id": "427379710168-aog1o022rnq8451jpneiv91b2cvi3t5u.apps.googleusercontent.com",
          "client_type": 1,
          "android_info": {
            "package_name": "com.example.affereaflaw.tayo",
            "certificate_hash": "5f607302f711e520f58cac5a120dc92786200ab5"
          }
        },
        {
          "client_id": "427379710168-dhfb79c4qvpgcocmo4vk3lkkv4v510sf.apps.googleusercontent.com",
          "client_type": 3
        }
      ],
      "api_key": [
        {
          "current_key": "AIzaSyBDiZvbQgcJvXxXrn3r1XKPmI9sUWhJ7rs"
        }
      ],
      "services": {
        "analytics_service": {
          "status": 1
        },
        "appinvite_service": {
          "status": 2,
          "other_platform_oauth_client": [
            {
              "client_id": "427379710168-dhfb79c4qvpgcocmo4vk3lkkv4v510sf.apps.googleusercontent.com",
              "client_type": 3
            }
          ]
        },
        "ads_service": {
          "status": 2
        }
      }
    },
    {
      "client_info": {
        "mobilesdk_app_id": "1:427379710168:android:37ddfdaff7e0d978",
        "android_client_info": {
          "package_name": "com.example.affereaflaw.tayouser"
        }
      },
      "oauth_client": [
        {
          "client_id": "427379710168-dhfb79c4qvpgcocmo4vk3lkkv4v510sf.apps.googleusercontent.com",
          "client_type": 3
        }
      ],
      "api_key": [
        {
          "current_key": "AIzaSyBDiZvbQgcJvXxXrn3r1XKPmI9sUWhJ7rs"
        }
      ],
      "services": {
        "analytics_service": {
          "status": 1
        },
        "appinvite_service": {
          "status": 1,
          "other_platform_oauth_client": []
        },
        "ads_service": {
          "status": 2
        }
      }
    },
    {
      "client_info": {
        "mobilesdk_app_id": "1:427379710168:android:f26a152e9ec142ac",
        "android_client_info": {
          "package_name": "com.tayogroup.tayoapps"
        }
      },
      "oauth_client": [
        {
          "client_id": "427379710168-v0i4g5immb059vk25i318n3res8hqulq.apps.googleusercontent.com",
          "client_type": 1,
          "android_info": {
            "package_name": "com.tayogroup.tayoapps",
            "certificate_hash": "5f607302f711e520f58cac5a120dc92786200ab5"
          }
        },
        {
          "client_id": "427379710168-dhfb79c4qvpgcocmo4vk3lkkv4v510sf.apps.googleusercontent.com",
          "client_type": 3
        }
      ],
      "api_key": [
        {
          "current_key": "AIzaSyBDiZvbQgcJvXxXrn3r1XKPmI9sUWhJ7rs"
        }
      ],
      "services": {
        "analytics_service": {
          "status": 1
        },
        "appinvite_service": {
          "status": 2,
          "other_platform_oauth_client": [
            {
              "client_id": "427379710168-dhfb79c4qvpgcocmo4vk3lkkv4v510sf.apps.googleusercontent.com",
              "client_type": 3
            }
          ]
        },
        "ads_service": {
          "status": 2
        }
      }
    }
  ],
  "configuration_version": "1"
}